{
    "%282%29%20Ch%20Rowdytowns%20Hardrock%20Cafe%20-%20AmStaff.jpg": [
        138.40648122131608,
        103.78552027723165,
        72.58059379975653
    ],
    "%282%29American%20Staffordshire%20Terrier%20Mumford.jpg": [
        140.7908525112174,
        149.51179620784512,
        157.83036618902676
    ],
    "%282x%20ch%20GRAN%20DALI%29%20BOTTIcelli%20.jpg": [
        217.5953451043352,
        209.99903691813662,
        199.0121990369173
    ],
    "%D0%A4%D1%80%D0%B0%D0%BD%D1%86%D1%83%D0%B7%D1%81%D0%BA%D0%B8%D0%B5%20%D0%B1%D1%83%D0%BB%D1%8C%D0%B4%D0%BE%D0%B3%D0%B8%202013-09-02%2011-36.JPG": [
        103.26363809161735,
        118.44459228283608,
        87.9771906481657
    ],
    "01%20Chow%20Chow.jpg": [
        163.48678375022058,
        102.72414404825278,
        57.622316835196216
    ],
    "02.%20Coahoma%20Arkansas%20Logan.jpg": [
        50.628263449365846,
        50.7343750000011,
        36.15753560126509
    ],
    "04%20-%20Belgian%20shepherd%20dog%20varieties%20-%20Groenendael%2CTervuren%2C%20Malinois%2C%20Laekenois.jpg": [
        136.7645607107604,
        132.4551826258637,
        82.49595261599191
    ],
    "2.%20American%20Staffordshire%20Terrier.png": [
        239.78223876628857,
        131.48985198971812,
        137.3955508286809
    ],
    "8675eds%20win.jpg": [
        215.55820105820044,
        39.56991685562903,
        8.46031746031619
    ],
    "Affenpinscher.jpg": [
        106.74674187901199,
        108.28652013226977,
        102.8829021591129
    ],
    "Aht-sable%26white3.jpg": [
        173.0596300607939,
        171.7313413529971,
        174.59332557237036
    ],
    "Aidi.jpg": [
        64.97518443997106,
        64.53226022803635,
        26.355466130116156
    ],
    "Airedale%20Terrier.jpg": [
        33.44851407716676,
        32.74491657976996,
        28.45059958290188
    ],
    "AKC%20Helena%20Fall%20Dog%20Show%202011.jpg": [
        235.0691365679723,
        237.337932103553,
        241.05332506588329
    ],
    "Akita%20Americano%20v3.jpg": [
        147.69391540934936,
        143.33539450902703,
        60.87026960178055
    ],
    "Alapaha%20blue%20blood%20bulldog2.jpg": [
        130.01687072206684,
        148.32073652752356,
        115.85221247469386
    ],
    "Alapahabulldog.jpg": [
        155.81053846961308,
        113.556943423953,
        96.78786606486824
    ],
    "Am%20hairless%20terrier%20pups.jpg": [
        75.08967391304424,
        93.56956521739212,
        134.66249999999988
    ],
    "American%20Bully%20Stud%20Male%20%2811527292106%29.jpg": [
        125.967319840144,
        124.12543509088532,
        67.07535129560303
    ],
    "American%20Bully..jpg": [
        158.33478709063485,
        166.8417254777569,
        129.4540480532876
    ],
    "American%20bully.jpg": [
        152.52606149341165,
        152.85058565153747,
        91.64480234260623
    ],
    "American%20Eskimo%20Dog%201.jpg": [
        69.92433433369621,
        103.58099738203238,
        31.18115062894973
    ],
    "American%20Staffordshire%20Sundy%201.jpg": [
        128.2672479150868,
        125.17390068233584,
        105.19977255496582
    ],
    "AMERICAN%20STAFFORDSHIRE%20TERRIER%2C%20Zican%E2%80%99s%20Bz%20Ez%20Dragon%20%2824208348891%29.2.jpg": [
        202.51930109711543,
        198.88118650954928,
        199.9148313693631
    ],
    "American%20Staffordshire%20Terrier.jpg": [
        147.36724683544298,
        106.9789556962025,
        98.13101265822749
    ],
    "AmericanBully-00.jpg": [
        86.37835868476103,
        79.19610164860077,
        54.07532562164225
    ],
    "AmericanBully.jpg": [
        62.60783917567262,
        44.44640872815636,
        37.91746641074948
    ],
    "AmericanCockerSpaniel%20wb.jpg": [
        207.18471539559357,
        191.38496908197268,
        186.4964325352792
    ],
    "AmericanStafforshireTerrier.jpg": [
        83.47861771058344,
        45.31058315334681,
        31.3619870410365
    ],
    "Amstaff%209%20months%20old%20cropped%20ears2.jpg": [
        84.10983198506577,
        57.993154947106206,
        38.43170504044782
    ],
    "Anita%20Cane%20Corso%20Italiano%20allevato%20in%20Italia.jpg": [
        124.57878236245931,
        123.79854368932045,
        95.53195792880273
    ],
    "Arabian%20Hound%20001%20U.jpg": [
        175.05068845513716,
        184.19533968830478,
        169.94583144197205
    ],
    "Aussi.jpg": [
        127.39452274550277,
        118.14323364271795,
        92.68775065887476
    ],
    "Australian%20Stumpy%20Tail%20Cattle%20Dog.jpg": [
        79.67369821360629,
        90.5781071835797,
        64.32364120106375
    ],
    "AustrCattleDogRed%20wb.jpg": [
        202.28878504672974,
        179.0376168224299,
        131.36705607476674
    ],
    "Bakarwal.jpg": [
        130.99428255256345,
        109.14238288454496,
        92.45610475839143
    ],
    "Bathsheba.jpg": [
        86.12322459303591,
        109.78422725209028,
        94.53349763278888
    ],
    "Bearded%20Collie.jpg": [
        123.77896412850043,
        124.06050388685958,
        123.6810901938745
    ],
    "Black%20Field%20Spaniel.jpg": [
        192.737275220967,
        202.80356598597865,
        166.15345931118452
    ],
    "Border%20Collie%20600.jpg": [
        187.0047422056308,
        182.58712541620423,
        147.85682574916848
    ],
    "Borismindre.jpg": [
        86.74842587292488,
        112.38737836290773,
        76.27160847166591
    ],
    "Brandlbracke.JPG": [
        58.31852398524025,
        57.22523985240055,
        58.23217712177241
    ],
    "Braque%20d%20Auvergne.jpg": [
        192.45664534470342,
        192.11158493248058,
        191.02274342572898
    ],
    "BUCKEYE%202010%20ANCHOR%20BULLY%20RASCALZ.jpg": [
        58.644509803920144,
        63.417941176472134,
        55.045588235293216
    ],
    "Cairn-Terrier-Garten1.jpg": [
        24.799709422999868,
        36.915525114156495,
        22.008613532586494
    ],
    "Cane%20Pastore%20Abruzzese%20Abruzzo.jpg": [
        167.95867768595016,
        178.98480405225334,
        192.7067448680359
    ],
    "Cao%20da%20serra%20da%20estrela%20546.jpg": [
        33.144600144964414,
        29.716598212129405,
        24.32556172988574
    ],
    "Cao%20da%20serra%20da%20estrela%20777.jpg": [
        117.77995211824732,
        93.10252940564197,
        72.23503695222266
    ],
    "Cao%20da%20serra%20da%20estrela%20g%C5%82owa%20546.jpg": [
        203.7387847813746,
        159.84175657770066,
        120.385008517887
    ],
    "Cardigan%20Welsh%20Corgi%20600.jpg": [
        38.594533333334226,
        43.52146666666751,
        33.773199999999754
    ],
    "Catahoula%20Leopard%20Dog.jpg": [
        53.12836334209919,
        47.49575156787286,
        46.19117944568174
    ],
    "Catalaanse%20herder.JPG": [
        133.106032080729,
        159.59477370283776,
        75.88334964982309
    ],
    "CH%20P%27NUT.jpg": [
        146.64068339562203,
        123.91163908168706,
        123.37693539775766
    ],
    "Chesapeake%20Bay%20Retriever1.jpg": [
        136.8224246408114,
        157.6497323692356,
        92.974175978964
    ],
    "Chesapeakebayretriever01-l.jpg": [
        75.69823973176938,
        78.16244761106435,
        61.431684828164656
    ],
    "Chihuahua1%20bvdb.jpg": [
        18.57396729369387,
        28.014746195293192,
        17.1224123263054
    ],
    "Chinese%20Chongqing%20Dog%20H%C3%BCndin.jpg": [
        49.88534762374866,
        53.67804258919833,
        47.08179382315557
    ],
    "Cocker%20Spaniel%20Puppy.jpg": [
        154.46895600183996,
        151.53441667944205,
        131.50850835505125
    ],
    "Dalmatien.jpg": [
        251.26002388670688,
        251.35187396917289,
        250.64511175567162
    ],
    "Danish%20Swedish%20Farmdog%20cropped.jpg": [
        207.30175590721916,
        214.94396271406964,
        222.22501625839723
    ],