{"./content/images/Dalmatien.jpg": 0.9897312549399508, "./content/images/AKC%20Helena%20Fall%20Dog%20Show%202011.jpg": 0.9896756574608203, "./content/images/Rey%20nieve.jpg": 0.9884291892360776, "./content/images/King%20Charles%20Spaniel%20Mike%203.jpg": 0.9832578631391183, "./content/images/Danish%20Swedish%20Farmdog%20cropped.jpg": 0.9765353405523279, "./content/images/DJT%200086.jpg": 0.9763321458942955, "./content/images/TricolorEnglishShepherdDog.jpg": 0.976039322758252, "./content/images/G%C5%82adkow%C5%82osy%20pies%20aportuj%C4%85cy.jpg": 0.9751410469933501, "./content/images/English%20Toy%20Terrier%20600%2001.jpg": 0.9738356511397653, "./content/images/Braque%20d%20Auvergne.jpg": 0.9722343086895832, "./content/images/AmericanCockerSpaniel%20wb.jpg": 0.9707504879324116, "./content/images/Cane%20Pastore%20Abruzzese%20Abruzzo.jpg": 0.9683839792988964, "./content/images/Black%20Field%20Spaniel.jpg": 0.9678063226507926, "./content/images/Arabian%20Hound%20001%20U.jpg": 0.9677772013253472, "./content/images/Hollandse%20herder%20korthaar.jpg": 0.9657657797871931, "./content/images/Englishspringerspaniel%20Winston.jpg": 0.9652175440240498, "./content/images/%282x%20ch%20GRAN%20DALI%29%20BOTTIcelli%20.jpg": 0.9624653629495576, "./content/images/2.%20American%20Staffordshire%20Terrier.png": 0.957731746958716, "./content/images/AustrCattleDogRed%20wb.jpg": 0.9572329724861698, "./content/images/Aht-sable%26white3.jpg": 0.9548335224514084, "./content/images/Border%20Collie%20600.jpg": 0.9516873575690451, "./content/images/AMERICAN%20STAFFORDSHIRE%20TERRIER%2C%20Zican%E2%80%99s%20Bz%20Ez%20Dragon%20%2824208348891%29.2.jpg": 0.950480193163268, "./content/images/Dog%20Bullmastiff%20600.jpg": 0.9494683300556331, "./content/images/%D0%90%D0%BC%D0%B5%D1%80%D0%B8%D0%BA%D0%B0%D0%BD%D1%81%D0%BA%D0%B8%D0%B9%D0%A1%D1%82%D0%B0%D1%84%D1%84%D0%BE%D1%80%D0%B4%D1%88%D0%B8%D1%80%D1%81%D0%BA%D0%B8%D0%B9%D0%A2%D0%B5%D1%80%D1%8C%D0%B5%D1%80.jpg": 0.9452122436983007, "./content/images/Cao%20da%20serra%20da%20estrela%20g%C5%82owa%20546.jpg": 0.941342800842526, "./content/images/Spanishalanoblacktan1.jpg": 0.9386136298891999, "./content/images/%282%29American%20Staffordshire%20Terrier%20Mumford.jpg": 0.9379286979838533, "./content/images/German%20Pinscher.JPG": 0.9338559047073532, "./content/images/Perro%20de%20Agua%20del%20Cant%C3%A1brico%20Macho%20Exposici%C3%B3n.jpg": 0.9275502649328677, "./content/images/Goose-Alaskan%20Husky.jpg": 0.9259054341984817, "./content/images/MiniDachshund1%20wb.jpg": 0.9256777443854349, "./content/images/Kangal-welpen-de%20003.jpg": 0.9197034140939566, "./content/images/Presacanarionaturalears.jpg": 0.9174371913934565, "./content/images/Cocker%20Spaniel%20Puppy.jpg": 0.9154828225764895, "./content/images/Presa-brindle4.jpg": 0.9129612796489404, "./content/images/Presacanariobody.jpg": 0.9125889891187015, "./content/images/Maddie%20%288416820450%29.jpg": 0.91098852434242, "./content/images/04%20-%20Belgian%20shepherd%20dog%20varieties%20-%20Groenendael%2CTervuren%2C%20Malinois%2C%20Laekenois.jpg": 0.9103322848002527, "./content/images/FINLEY%20DE%20LA%20MIRAGE%20DE%20TORRELLAS%2001.jpg": 0.9064498142160162, "./content/images/01%20Chow%20Chow.jpg": 0.9062574194799876, "./content/images/Flat-coated%20Retriever%20Molly.jpg": 0.9012971777175927, "./content/images/Gelbbacke.jpg": 0.9004420611718389, "./content/images/Chesapeake%20Bay%20Retriever1.jpg": 0.8993075505929609, "./content/images/Bakarwal.jpg": 0.8946155776636088, "./content/images/Bearded%20Collie.jpg": 0.8921911439151927, "./content/images/Anita%20Cane%20Corso%20Italiano%20allevato%20in%20Italia.jpg": 0.8914118683473913, "./content/images/Louisiana%20Cataholula%20Leopard%20Dog%20-%20Coahoma%20Arkansas.JPG": 0.8834648899493635, "./content/images/Field%20Spaniel%2003.jpg": 0.8812598600751906, "./content/images/Sasquachcatahoulaspurdy.jpg": 0.8753612188404267, "./content/images/Field%20spaniel%20581.jpg": 0.8731006323049926, "./content/images/Australian%20Stumpy%20Tail%20Cattle%20Dog.jpg": 0.8700109314765829, "./content/images/Catalaanse%20herder.JPG": 0.8644142658270944, "./content/images/Akita%20Americano%20v3.jpg": 0.8641819001143848, "./content/images/Aussi.jpg": 0.859005664467232, "./content/images/American%20Bully..jpg": 0.8575041168906534, "./content/images/Finselappenhond%20louhi-no%20watermark.jpg": 0.8524828004466587, "./content/images/English%20Foxhound.jpg": 0.8444938735423412, "./content/images/8675eds%20win.jpg": 0.8328403527744119, "./content/images/Cao%20da%20serra%20da%20estrela%20777.jpg": 0.8290922841276146, "./content/images/%282%29%20Ch%20Rowdytowns%20Hardrock%20Cafe%20-%20AmStaff.jpg": 0.823873839586018, "./content/images/Standard%20Alaskan%20Klee%20Kai.jpg": 0.821768887133708, "./content/images/Bathsheba.jpg": 0.8142833442469574, "./content/images/American%20bully.jpg": 0.8121204900838751, "./content/images/American%20Staffordshire%20Sundy%201.jpg": 0.8057130697864633, "./content/images/%D0%A4%D1%80%D0%B0%D0%BD%D1%86%D1%83%D0%B7%D1%81%D0%BA%D0%B8%D0%B5%20%D0%B1%D1%83%D0%BB%D1%8C%D0%B4%D0%BE%D0%B3%D0%B8%202013-09-02%2011-36.JPG": 0.805146565823846, "./content/images/American%20Staffordshire%20Terrier.jpg": 0.7968474708060739, "./content/images/Spanish%20Alano%202.jpg": 0.7945219744782812, "./content/images/CH%20P%27NUT.jpg": 0.7928472895239244, "./content/images/American%20Bully%20Stud%20Male%20%2811527292106%29.jpg": 0.7896794925487466, "./content/images/Flatcoat%20retriever%202.jpg": 0.7822918191004452, "./content/images/Kombai%20dog.jpg": 0.7789033814073212, "./content/images/Alapahabulldog.jpg": 0.7671150681518469, "./content/images/American%20Eskimo%20Dog%201.jpg": 0.7605195626862437, "./content/images/Am%20hairless%20terrier%20pups.jpg": 0.759472072804559, "./content/images/Chesapeakebayretriever01-l.jpg": 0.7561337120026029, "./content/images/Borismindre.jpg": 0.7471458134539276, "./content/images/Sentaya3.jpg": 0.7456587087971589, "./content/images/Alapaha%20blue%20blood%20bulldog2.jpg": 0.7335890847051828, "./content/images/Affenpinscher.jpg": 0.7161926068562283, "./content/images/AmericanStafforshireTerrier.jpg": 0.7102476290582521, "./content/images/Formosan%20nina.jpg": 0.7032468087618068, "./content/images/Cairn-Terrier-Garten1.jpg": 0.7006824078789473, "./content/images/Chihuahua1%20bvdb.jpg": 0.6714179370799132, "./content/images/Finnish%20Spitz%20600.jpg": 0.6646845861778016, "./content/images/Cardigan%20Welsh%20Corgi%20600.jpg": 0.6610877012697887, "./content/images/Amstaff%209%20months%20old%20cropped%20ears2.jpg": 0.6580981552571075, "./content/images/Airedale%20Terrier.jpg": 0.6406804736310971, "./content/images/Brandlbracke.JPG": 0.6080550047398174, "./content/images/AmericanBully.jpg": 0.5991936353000238, "./content/images/Catahoula%20Leopard%20Dog.jpg": 0.5669134355304583, "./content/images/Aidi.jpg": 0.5665207932809256, "./content/images/AmericanBully-00.jpg": 0.5638377523519563, "./content/images/02.%20Coahoma%20Arkansas%20Logan.jpg": 0.5575922485197137, "./content/images/Chinese%20Chongqing%20Dog%20H%C3%BCndin.jpg": 0.5400004011010043, "./content/images/Warrior%20American%20Bulldog%20puppy.jpg": 0.5389146376823675, "./content/images/Cao%20da%20serra%20da%20estrela%20546.jpg": 0.4422995815421953, "./content/images/PSI%27s%20Bullseye.jpg": 0.40333326738895436, "./content/images/BUCKEYE%202010%20ANCHOR%20BULLY%20RASCALZ.jpg": 0.39417743050906595, "./content/images/King%20Charles%20Spaniel%20200.jpg": 0.3722681474951977, "./content/images/American%20Bully.jpg": 0.35730141910117325}