{"./content/images/American%20Bully.jpg": 0.9176693601213434, "./content/images/Chinese%20Chongqing%20Dog%20H%C3%BCndin.jpg": 0.9155364567087794, "./content/images/CH%20P%27NUT.jpg": 0.9153428365939466, "./content/images/AmericanBully.jpg": 0.9140849293954916, "./content/images/Amstaff%209%20months%20old%20cropped%20ears2.jpg": 0.9109033975221832, "./content/images/AmericanBully-00.jpg": 0.9106405066064223, "./content/images/%282%29%20Ch%20Rowdytowns%20Hardrock%20Cafe%20-%20AmStaff.jpg": 0.9059923416171975, "./content/images/%D0%A4%D1%80%D0%B0%D0%BD%D1%86%D1%83%D0%B7%D1%81%D0%BA%D0%B8%D0%B5%20%D0%B1%D1%83%D0%BB%D1%8C%D0%B4%D0%BE%D0%B3%D0%B8%202013-09-02%2011-36.JPG": 0.9035234683698065, "./content/images/Anita%20Cane%20Corso%20Italiano%20allevato%20in%20Italia.jpg": 0.9019617074255624, "./content/images/American%20bully.jpg": 0.8955719450626007, "./content/images/Am%20hairless%20terrier%20pups.jpg": 0.8952733809094181, "./content/images/BUCKEYE%202010%20ANCHOR%20BULLY%20RASCALZ.jpg": 0.8909066071769713, "./content/images/Alapahabulldog.jpg": 0.8902652232803562, "./content/images/American%20Staffordshire%20Terrier.jpg": 0.8877620243007279, "./content/images/FINLEY%20DE%20LA%20MIRAGE%20DE%20TORRELLAS%2001.jpg": 0.885173007946836, "./content/images/Warrior%20American%20Bulldog%20puppy.jpg": 0.8847689918132555, "./content/images/AMERICAN%20STAFFORDSHIRE%20TERRIER%2C%20Zican%E2%80%99s%20Bz%20Ez%20Dragon%20%2824208348891%29.2.jpg": 0.8792617562352556, "./content/images/American%20Staffordshire%20Sundy%201.jpg": 0.8783114755887679, "./content/images/Alapaha%20blue%20blood%20bulldog2.jpg": 0.8752324369626607, "./content/images/Dog%20Bullmastiff%20600.jpg": 0.8730888005250568, "./content/images/8675eds%20win.jpg": 0.8696435161967591, "./content/images/2.%20American%20Staffordshire%20Terrier.png": 0.8652909264291446, "./content/images/%D0%90%D0%BC%D0%B5%D1%80%D0%B8%D0%BA%D0%B0%D0%BD%D1%81%D0%BA%D0%B8%D0%B9%D0%A1%D1%82%D0%B0%D1%84%D1%84%D0%BE%D1%80%D0%B4%D1%88%D0%B8%D1%80%D1%81%D0%BA%D0%B8%D0%B9%D0%A2%D0%B5%D1%80%D1%8C%D0%B5%D1%80.jpg": 0.8622269115310208, "./content/images/AmericanStafforshireTerrier.jpg": 0.855797420255993, "./content/images/%282%29American%20Staffordshire%20Terrier%20Mumford.jpg": 0.8473816587893984, "./content/images/Spanishalanoblacktan1.jpg": 0.847259940474215, "./content/images/%282x%20ch%20GRAN%20DALI%29%20BOTTIcelli%20.jpg": 0.843214162608955, "./content/images/Presacanariobody.jpg": 0.8402298582913174, "./content/images/Chihuahua1%20bvdb.jpg": 0.8390132085555835, "./content/images/Cardigan%20Welsh%20Corgi%20600.jpg": 0.8386430358229529, "./content/images/Standard%20Alaskan%20Klee%20Kai.jpg": 0.8373715343873915, "./content/images/Brandlbracke.JPG": 0.8364480183481383, "./content/images/Cairn-Terrier-Garten1.jpg": 0.8360312036836507, "./content/images/American%20Bully%20Stud%20Male%20%2811527292106%29.jpg": 0.8321373459010526, "./content/images/01%20Chow%20Chow.jpg": 0.8303867355281965, "./content/images/PSI%27s%20Bullseye.jpg": 0.8264199307356016, "./content/images/Kombai%20dog.jpg": 0.8258241501936135, "./content/images/Finselappenhond%20louhi-no%20watermark.jpg": 0.8250066148471187, "./content/images/Maddie%20%288416820450%29.jpg": 0.8230620926689208, "./content/images/AustrCattleDogRed%20wb.jpg": 0.8144188361147281, "./content/images/King%20Charles%20Spaniel%20200.jpg": 0.8134227263344709, "./content/images/Affenpinscher.jpg": 0.8021056243200566, "./content/images/Braque%20d%20Auvergne.jpg": 0.8014783413807757, "./content/images/American%20Eskimo%20Dog%201.jpg": 0.8010610307269788, "./content/images/German%20Pinscher.JPG": 0.8010209052615459, "./content/images/Presacanarionaturalears.jpg": 0.7970064256631954, "./content/images/Bearded%20Collie.jpg": 0.7965568062691687, "./content/images/Perro%20de%20Agua%20del%20Cant%C3%A1brico%20Macho%20Exposici%C3%B3n.jpg": 0.7961491823434639, "./content/images/Field%20spaniel%20581.jpg": 0.7942967678911307, "./content/images/Spanish%20Alano%202.jpg": 0.7941142171987978, "./content/images/American%20Bully..jpg": 0.7935518272000988, "./content/images/Sentaya3.jpg": 0.7908347853324323, "./content/images/AmericanCockerSpaniel%20wb.jpg": 0.7892326747595461, "./content/images/Formosan%20nina.jpg": 0.7853203598406324, "./content/images/DJT%200086.jpg": 0.7838979342475023, "./content/images/Field%20Spaniel%2003.jpg": 0.7819389773588272, "./content/images/Cocker%20Spaniel%20Puppy.jpg": 0.7818828027913596, "./content/images/Borismindre.jpg": 0.7816400637421531, "./content/images/Aht-sable%26white3.jpg": 0.7750834901582033, "./content/images/Finnish%20Spitz%20600.jpg": 0.7713054112390736, "./content/images/King%20Charles%20Spaniel%20Mike%203.jpg": 0.7702003235244715, "./content/images/English%20Toy%20Terrier%20600%2001.jpg": 0.7670572587541065, "./content/images/Black%20Field%20Spaniel.jpg": 0.7659037443010114, "./content/images/Presa-brindle4.jpg": 0.7638569265490115, "./content/images/MiniDachshund1%20wb.jpg": 0.7495362428050026, "./content/images/Catalaanse%20herder.JPG": 0.7419802847327315, "./content/images/Catahoula%20Leopard%20Dog.jpg": 0.7413724023522252, "./content/images/Border%20Collie%20600.jpg": 0.7382459192187678, "./content/images/02.%20Coahoma%20Arkansas%20Logan.jpg": 0.7318244223314224, "./content/images/Cao%20da%20serra%20da%20estrela%20546.jpg": 0.7248509346107433, "./content/images/Louisiana%20Cataholula%20Leopard%20Dog%20-%20Coahoma%20Arkansas.JPG": 0.7212306905105302, "./content/images/Dalmatien.jpg": 0.7101371768870803, "./content/images/Danish%20Swedish%20Farmdog%20cropped.jpg": 0.7017103890439863, "./content/images/Akita%20Americano%20v3.jpg": 0.6996425343849346, "./content/images/Sasquachcatahoulaspurdy.jpg": 0.6991679831264869, "./content/images/Aidi.jpg": 0.69855530030982, "./content/images/Flatcoat%20retriever%202.jpg": 0.6865758804181161, "./content/images/Cao%20da%20serra%20da%20estrela%20777.jpg": 0.6838364574233027, "./content/images/Chesapeakebayretriever01-l.jpg": 0.6819360412267808, "./content/images/English%20Foxhound.jpg": 0.6804314673705997, "./content/images/Rey%20nieve.jpg": 0.671572608146341, "./content/images/Kangal-welpen-de%20003.jpg": 0.6553986621692113, "./content/images/Cane%20Pastore%20Abruzzese%20Abruzzo.jpg": 0.6416126677229559, "./content/images/Flat-coated%20Retriever%20Molly.jpg": 0.6387051549008346, "./content/images/Australian%20Stumpy%20Tail%20Cattle%20Dog.jpg": 0.6290408230975452, "./content/images/Goose-Alaskan%20Husky.jpg": 0.6175677629747719, "./content/images/04%20-%20Belgian%20shepherd%20dog%20varieties%20-%20Groenendael%2CTervuren%2C%20Malinois%2C%20Laekenois.jpg": 0.6091295779185225, "./content/images/Airedale%20Terrier.jpg": 0.5943113045099913, "./content/images/Bakarwal.jpg": 0.5775582752084117, "./content/images/G%C5%82adkow%C5%82osy%20pies%20aportuj%C4%85cy.jpg": 0.5688804931139679, "./content/images/Aussi.jpg": 0.5657707695145232, "./content/images/Englishspringerspaniel%20Winston.jpg": 0.5656683652381984, "./content/images/Bathsheba.jpg": 0.5652058322707075, "./content/images/TricolorEnglishShepherdDog.jpg": 0.5644221991375267, "./content/images/AKC%20Helena%20Fall%20Dog%20Show%202011.jpg": 0.5621269330026549, "./content/images/Cao%20da%20serra%20da%20estrela%20g%C5%82owa%20546.jpg": 0.5579112412947844, "./content/images/Arabian%20Hound%20001%20U.jpg": 0.5565444883303228, "./content/images/Hollandse%20herder%20korthaar.jpg": 0.5353932120406786, "./content/images/Gelbbacke.jpg": 0.5239302494681602, "./content/images/Chesapeake%20Bay%20Retriever1.jpg": 0.5202909800051436}